Ticker,Date,Open,High,Low,Close*,Volume,
AMD,15-May-19,26.87,27.79,26.73,27.58,27.58,"55,638,300"
AMD,14-May-19,26.53,27.48,26.15,27.32,27.32,"82,980,400"
AMD,13-May-19,26.98,27.23,26.1,26.24,26.24,"99,017,900"
AMD,10-May-19,27.03,28.1,26.93,27.96,27.96,"82,930,100"
AMD,9-May-19,26.7,27.38,26.03,27.21,27.21,"73,150,900"
AMD,8-May-19,26.41,27.71,26.27,27.09,27.09,"65,967,500"
AMD,7-May-19,27.2,27.35,26.21,26.66,26.66,"75,868,800"
AMD,6-May-19,26.72,27.5,26.45,27.42,27.42,"70,344,100"
AMD,3-May-19,28.3,28.42,27.66,28.22,28.22,"55,503,100"
AMD,2-May-19,26.94,28.64,26.61,28.29,28.29,"100,514,800"
AMD,1-May-19,28.95,29.15,26.78,26.81,26.81,"136,066,900"
AMD,30-Apr-19,27.59,27.8,26.94,27.63,27.63,"73,165,900"
AMD,29-Apr-19,27.9,28.14,27.5,27.69,27.69,"44,532,700"
AMD,26-Apr-19,27.66,27.9,27.05,27.88,27.88,"48,827,900"
AMD,25-Apr-19,28.67,28.86,27.36,27.66,27.66,"57,329,700"
AMD,24-Apr-19,28.1,28.85,27.93,28.46,28.46,"51,784,700"
AMD,23-Apr-19,28.18,28.49,27.79,27.97,27.97,"41,777,500"
AMD,22-Apr-19,27.62,28.23,27.39,28.18,28.18,"36,477,300"
AMD,18-Apr-19,27.6,27.88,27.34,27.68,27.68,"39,880,900"
AMD,17-Apr-19,28.21,28.27,27.22,27.49,27.49,"48,240,800"
AMD,16-Apr-19,27.72,28.18,27.49,27.93,27.93,"47,340,100"
AMD,15-Apr-19,27.8,27.84,26.96,27.33,27.33,"40,812,500"
AMD,12-Apr-19,28.21,28.38,27.66,27.85,27.85,"41,048,800"
AMD,11-Apr-19,27.81,28.05,27.46,27.79,27.79,"44,801,200"
AMD,10-Apr-19,27.46,28.12,27.32,27.83,27.83,"64,368,100"
AMD,9-Apr-19,28.24,28.38,27.19,27.24,27.24,"75,539,800"
AMD,8-Apr-19,28.69,28.95,28.18,28.53,28.53,"58,002,500"
AMD,5-Apr-19,29.64,29.69,28.8,28.98,28.98,"65,662,700"
AMD,4-Apr-19,28.88,29.39,28.61,29.09,29.09,"82,191,100"
AMD,3-Apr-19,28.02,29.95,27.88,29.02,29.02,"197,650,500"
AMD,2-Apr-19,26.51,26.8,26.09,26.75,26.75,"53,358,800"
AMD,1-Apr-19,26.42,26.56,25.83,26.36,26.36,"63,000,300"
AMD,29-Mar-19,25.58,25.73,25.25,25.52,25.52,"53,502,800"
AMD,28-Mar-19,25.1,25.56,24.65,25.06,25.06,"64,667,500"
AMD,27-Mar-19,25.7,25.88,24.55,24.89,24.89,"88,585,300"
AMD,26-Mar-19,26.69,26.98,25.46,25.69,25.69,"75,754,100"
AMD,25-Mar-19,26.29,26.99,25.54,25.97,25.97,"78,438,200"
AMD,22-Mar-19,27.54,27.75,26.33,26.37,26.37,"115,323,300"
AMD,21-Mar-19,25.78,28.11,25.71,27.89,27.89,"129,610,300"
AMD,20-Mar-19,26.49,26.88,25.31,25.7,25.7,"151,292,100"
AMD,19-Mar-19,23.6,26.08,23.59,26,26,"156,052,200"
AMD,18-Mar-19,23.3,23.62,23.04,23.25,23.25,"34,731,800"
AMD,15-Mar-19,23.1,23.65,23.01,23.29,23.29,"46,519,900"
AMD,14-Mar-19,23.37,23.49,22.8,22.82,22.82,"42,818,600"
AMD,13-Mar-19,23.66,24.15,23.35,23.38,23.38,"56,705,800"
AMD,12-Mar-19,23.1,23.8,22.78,23.49,23.49,"56,410,600"
AMD,11-Mar-19,22.15,23.08,21.98,22.96,22.96,"54,420,200"
AMD,8-Mar-19,21.35,22.09,21.04,22.01,22.01,"49,967,700"
AMD,7-Mar-19,22.33,22.41,21.73,22.08,22.08,"52,087,400"
AMD,6-Mar-19,23.47,23.53,22.4,22.41,22.41,"60,479,400"
AMD,5-Mar-19,23.34,23.68,23.01,23.5,23.5,"35,462,600"
AMD,4-Mar-19,23.89,24.13,23.01,23.37,23.37,"48,147,700"
AMD,1-Mar-19,23.97,24.19,23.45,23.68,23.68,"48,084,000"
AMD,28-Feb-19,23.21,23.67,23.11,23.53,23.53,"39,384,900"
AMD,27-Feb-19,24.11,24.23,23.21,23.48,23.48,"62,649,300"
AMD,26-Feb-19,24.65,24.72,24.15,24.21,24.21,"48,470,100"
AMD,25-Feb-19,25.01,25.52,24.68,24.71,24.71,"63,221,000"
AMD,22-Feb-19,24.05,24.36,23.88,24.36,24.36,"52,650,700"
AMD,21-Feb-19,24.04,24.33,23.85,23.92,23.92,"49,608,200"
AMD,20-Feb-19,24.14,24.37,23.9,23.95,23.95,"57,091,600"
AMD,19-Feb-19,23.63,24.41,23.61,23.95,23.95,"57,517,900"
AMD,15-Feb-19,23.58,24.05,23.2,23.68,23.68,"78,644,100"
AMD,14-Feb-19,22.74,23.37,22.59,23.13,23.13,"64,441,200"
AMD,13-Feb-19,22.98,23.24,22.71,22.85,22.85,"57,544,200"
AMD,12-Feb-19,23.43,23.56,22.75,22.82,22.82,"67,595,400"
AMD,11-Feb-19,23.05,23.28,22.66,22.96,22.96,"60,578,700"
AMD,8-Feb-19,22.33,23.28,22.27,23.05,23.05,"78,129,300"
AMD,7-Feb-19,22.99,23.22,22.32,22.67,22.67,"86,723,900"
AMD,6-Feb-19,23.63,24.14,23.22,23.26,23.26,"78,684,300"
AMD,5-Feb-19,23.42,23.86,22.98,23.31,23.31,"122,226,000"
AMD,4-Feb-19,24.43,24.66,24.07,24.13,24.13,"70,843,800"
AMD,1-Feb-19,24.61,24.84,24.07,24.51,24.51,"105,356,200"
AMD,31-Jan-19,23.02,25.14,22.83,24.41,24.41,"182,575,600"
AMD,30-Jan-19,21.49,23.13,21.37,23.09,23.09,"211,421,200"
AMD,29-Jan-19,20.26,20.39,19.05,19.25,19.25,"131,202,500"
AMD,28-Jan-19,20.32,21.01,20.02,20.18,20.18,"135,164,100"
AMD,25-Jan-19,20.99,22.03,20.79,21.93,21.93,"110,239,500"
AMD,24-Jan-19,20.06,21.01,20.04,20.85,20.85,"97,433,400"
AMD,23-Jan-19,20.03,20.48,19.55,19.8,19.8,"77,811,300"
AMD,22-Jan-19,20.48,20.92,19.7,19.76,19.76,"78,513,700"
AMD,18-Jan-19,20.37,21.05,20.02,20.77,20.77,"88,131,000"
AMD,17-Jan-19,19.49,20.51,19.02,20.25,20.25,"85,018,400"
AMD,16-Jan-19,20.4,20.54,19.71,19.73,19.73,"70,849,300"
AMD,15-Jan-19,20.44,20.68,20.26,20.38,20.38,"62,785,800"
AMD,14-Jan-19,19.96,20.62,19.75,20.23,20.23,"71,350,200"
AMD,11-Jan-19,19.47,20.35,19.19,20.27,20.27,"85,110,800"
AMD,10-Jan-19,19.76,19.83,18.9,19.74,19.74,"115,629,400"
AMD,9-Jan-19,20.89,21.44,20.07,20.19,20.19,"163,944,100"
AMD,8-Jan-19,21.19,21.2,19.68,20.75,20.75,"121,271,000"
AMD,7-Jan-19,19.44,20.68,19,20.57,20.57,"107,157,000"
AMD,4-Jan-19,17.55,19.07,17.43,19,19,"111,878,600"
AMD,3-Jan-19,18.42,18.68,16.94,17.05,17.05,"117,073,000"
AMD,2-Jan-19,18.01,19,17.98,18.83,18.83,"87,148,700"
AMD,31-Dec-18,18.15,18.51,17.85,18.46,18.46,"84,732,200"
AMD,28-Dec-18,17.53,18.31,17.14,17.82,17.82,"109,214,400"
AMD,27-Dec-18,17.43,17.74,16.44,17.49,17.49,"111,373,000"
AMD,26-Dec-18,16.88,17.91,16.03,17.9,17.9,"108,811,800"
AMD,24-Dec-18,16.52,17.22,16.37,16.65,16.65,"62,933,100"
AMD,21-Dec-18,18.12,18.34,16.76,16.93,16.93,"132,246,000"
AMD,20-Dec-18,18.11,18.86,17.34,17.94,17.94,"119,394,500"
AMZN,15-May-19,"1,827.95","1,874.43","1,823.00","1,871.15","1,871.15","4,681,100"
AMZN,14-May-19,"1,839.50","1,852.44","1,815.75","1,840.12","1,840.12","4,629,100"
AMZN,13-May-19,"1,836.56","1,846.54","1,818.00","1,822.68","1,822.68","5,783,400"
AMZN,10-May-19,"1,898.00","1,903.79","1,856.00","1,889.98","1,889.98","5,718,000"
AMZN,9-May-19,"1,900.00","1,909.40","1,876.00","1,899.87","1,899.87","5,308,300"
AMZN,8-May-19,"1,918.87","1,935.37","1,910.00","1,917.77","1,917.77","4,078,600"
AMZN,7-May-19,"1,939.99","1,949.10","1,903.38","1,921.00","1,921.00","5,902,100"
AMZN,6-May-19,"1,917.98","1,959.00","1,910.50","1,950.55","1,950.55","5,417,800"
AMZN,3-May-19,"1,949.00","1,964.40","1,936.00","1,962.46","1,962.46","6,381,600"
AMZN,2-May-19,"1,913.33","1,921.55","1,881.87","1,900.82","1,900.82","3,962,900"
AMZN,1-May-19,"1,933.09","1,943.64","1,910.55","1,911.52","1,911.52","3,117,000"
AMZN,30-Apr-19,"1,930.10","1,935.71","1,906.95","1,926.52","1,926.52","3,506,000"
AMZN,29-Apr-19,"1,949.00","1,956.34","1,934.09","1,938.43","1,938.43","4,021,300"
AMZN,26-Apr-19,"1,929.00","1,951.00","1,898.00","1,950.63","1,950.63","8,432,600"
AMZN,25-Apr-19,"1,917.00","1,922.45","1,900.31","1,902.25","1,902.25","6,099,100"
AMZN,24-Apr-19,"1,925.00","1,929.69","1,898.16","1,901.75","1,901.75","3,675,800"
AMZN,23-Apr-19,"1,891.20","1,929.26","1,889.58","1,923.77","1,923.77","4,640,400"
AMZN,22-Apr-19,"1,855.40","1,888.42","1,845.64","1,887.31","1,887.31","3,373,800"
AMZN,18-Apr-19,"1,868.79","1,870.82","1,859.48","1,861.69","1,861.69","2,749,900"
AMZN,17-Apr-19,"1,872.99","1,876.47","1,860.44","1,864.82","1,864.82","2,893,500"
AMZN,16-Apr-19,"1,851.35","1,869.77","1,848.00","1,863.04","1,863.04","3,044,600"
AMZN,15-Apr-19,"1,842.00","1,846.85","1,818.90","1,844.87","1,844.87","3,724,400"
AMZN,12-Apr-19,"1,848.40","1,851.50","1,841.30","1,843.06","1,843.06","3,114,400"
AMZN,11-Apr-19,"1,848.70","1,849.95","1,840.31","1,844.07","1,844.07","2,654,800"
AMZN,10-Apr-19,"1,841.00","1,848.00","1,828.81","1,847.33","1,847.33","2,964,000"
AMZN,9-Apr-19,"1,845.49","1,853.09","1,831.78","1,835.84","1,835.84","3,714,400"
AMZN,8-Apr-19,"1,833.23","1,850.20","1,825.11","1,849.86","1,849.86","3,752,800"
AMZN,5-Apr-19,"1,829.00","1,838.58","1,825.19","1,837.28","1,837.28","3,640,500"
AMZN,4-Apr-19,"1,820.65","1,828.75","1,804.20","1,818.86","1,818.86","3,623,900"
AMZN,3-Apr-19,"1,826.72","1,830.00","1,809.62","1,820.70","1,820.70","3,980,600"
AMZN,2-Apr-19,"1,811.02","1,820.00","1,805.12","1,813.98","1,813.98","3,448,100"
AMZN,1-Apr-19,"1,800.11","1,815.67","1,798.73","1,814.19","1,814.19","4,238,800"
AMZN,29-Mar-19,"1,786.58","1,792.86","1,776.63","1,780.75","1,780.75","3,320,800"
AMZN,28-Mar-19,"1,770.00","1,777.93","1,753.47","1,773.42","1,773.42","3,043,000"
AMZN,27-Mar-19,"1,784.13","1,787.50","1,745.68","1,765.70","1,765.70","4,324,800"
AMZN,26-Mar-19,"1,793.00","1,805.77","1,773.36","1,783.76","1,783.76","4,865,900"
AMZN,25-Mar-19,"1,757.79","1,782.68","1,747.50","1,774.26","1,774.26","5,103,800"
AMZN,22-Mar-19,"1,810.17","1,818.98","1,763.11","1,764.77","1,764.77","6,363,000"
AMZN,21-Mar-19,"1,796.26","1,823.75","1,787.28","1,819.26","1,819.26","5,767,800"
AMZN,20-Mar-19,"1,769.94","1,799.50","1,767.03","1,797.27","1,797.27","6,265,600"
AMZN,19-Mar-19,"1,753.51","1,784.16","1,753.51","1,761.85","1,761.85","6,364,200"
AMZN,18-Mar-19,"1,712.70","1,750.00","1,712.63","1,742.15","1,742.15","5,429,100"
AMZN,15-Mar-19,"1,703.00","1,718.80","1,693.13","1,712.36","1,712.36","7,550,900"
AMZN,14-Mar-19,"1,691.20","1,702.00","1,684.34","1,686.22","1,686.22","2,946,600"
AMZN,13-Mar-19,"1,683.00","1,700.00","1,679.35","1,690.81","1,690.81","3,552,000"
AMZN,12-Mar-19,"1,669.00","1,684.27","1,660.98","1,673.10","1,673.10","3,614,500"
AMZN,11-Mar-19,"1,626.12","1,672.29","1,626.01","1,670.62","1,670.62","3,876,400"
AMZN,8-Mar-19,"1,604.01","1,622.72","1,586.57","1,620.80","1,620.80","4,667,000"
AMZN,7-Mar-19,"1,667.37","1,669.75","1,620.51","1,625.95","1,625.95","4,948,100"
AMZN,6-Mar-19,"1,695.97","1,697.75","1,668.28","1,668.95","1,668.95","3,996,000"
AMZN,5-Mar-19,"1,702.95","1,707.80","1,689.01","1,692.43","1,692.43","3,681,500"
AMZN,4-Mar-19,"1,685.00","1,709.43","1,674.36","1,696.17","1,696.17","6,167,400"
AMZN,1-Mar-19,"1,655.13","1,674.26","1,651.00","1,671.73","1,671.73","4,974,900"
AMZN,28-Feb-19,"1,635.25","1,651.77","1,633.83","1,639.83","1,639.83","3,025,900"
AMZN,27-Feb-19,"1,628.18","1,641.81","1,615.10","1,641.09","1,641.09","3,148,800"
AMZN,26-Feb-19,"1,625.98","1,639.99","1,616.13","1,636.40","1,636.40","2,665,800"
AMZN,25-Feb-19,"1,641.45","1,654.60","1,630.39","1,633.00","1,633.00","3,184,500"
AMZN,22-Feb-19,"1,623.50","1,634.94","1,621.17","1,631.56","1,631.56","3,096,200"
AMZN,21-Feb-19,"1,619.85","1,623.56","1,600.91","1,619.44","1,619.44","3,483,400"
AMZN,20-Feb-19,"1,630.00","1,634.93","1,610.12","1,622.10","1,622.10","3,337,600"
AMZN,19-Feb-19,"1,601.00","1,634.00","1,600.56","1,627.58","1,627.58","3,681,700"
AMZN,15-Feb-19,"1,627.86","1,628.91","1,604.50","1,607.95","1,607.95","4,343,900"
AMZN,14-Feb-19,"1,624.50","1,637.90","1,606.06","1,622.65","1,622.65","4,120,500"
AMZN,13-Feb-19,"1,647.00","1,656.38","1,637.11","1,640.00","1,640.00","3,560,300"
AMZN,12-Feb-19,"1,604.00","1,639.40","1,598.88","1,638.01","1,638.01","4,858,600"
AMZN,11-Feb-19,"1,600.98","1,609.29","1,586.00","1,591.00","1,591.00","3,317,300"
AMZN,8-Feb-19,"1,586.00","1,588.59","1,566.76","1,588.22","1,588.22","5,657,500"
AMZN,7-Feb-19,"1,625.00","1,625.54","1,592.91","1,614.37","1,614.37","4,626,600"
AMZN,6-Feb-19,"1,670.75","1,672.26","1,633.34","1,640.26","1,640.26","3,939,900"
AMZN,5-Feb-19,"1,643.34","1,665.26","1,642.50","1,658.81","1,658.81","4,453,100"
AMZN,4-Feb-19,"1,623.00","1,649.63","1,613.50","1,633.31","1,633.31","4,929,100"
AMZN,1-Feb-19,"1,638.88","1,673.06","1,622.01","1,626.23","1,626.23","11,506,200"
AMZN,31-Jan-19,"1,692.85","1,736.41","1,679.08","1,718.73","1,718.73","10,910,300"
AMZN,30-Jan-19,"1,623.00","1,676.95","1,619.68","1,670.43","1,670.43","5,783,800"
AMZN,29-Jan-19,"1,631.27","1,632.38","1,590.72","1,593.88","1,593.88","4,632,800"
AMZN,28-Jan-19,"1,643.59","1,645.00","1,614.09","1,637.89","1,637.89","4,837,700"
AMZN,25-Jan-19,"1,670.50","1,683.48","1,661.61","1,670.57","1,670.57","4,945,900"
AMZN,24-Jan-19,"1,641.07","1,657.26","1,631.78","1,654.93","1,654.93","4,089,900"
AMZN,23-Jan-19,"1,656.00","1,657.43","1,612.00","1,640.02","1,640.02","5,225,200"
AMZN,22-Jan-19,"1,681.00","1,681.87","1,610.20","1,632.17","1,632.17","6,416,800"
AMZN,18-Jan-19,"1,712.00","1,716.20","1,691.54","1,696.20","1,696.20","6,020,500"
AMZN,17-Jan-19,"1,680.00","1,700.17","1,677.50","1,693.22","1,693.22","4,208,900"
AMZN,16-Jan-19,"1,684.22","1,705.00","1,675.88","1,683.78","1,683.78","6,366,900"
AMZN,15-Jan-19,"1,632.00","1,675.16","1,626.01","1,674.56","1,674.56","5,998,500"
AMZN,14-Jan-19,"1,615.00","1,648.20","1,595.15","1,617.21","1,617.21","6,005,900"
AMZN,11-Jan-19,"1,640.55","1,660.29","1,636.22","1,640.56","1,640.56","4,686,200"
AMZN,10-Jan-19,"1,641.01","1,663.25","1,621.62","1,656.22","1,656.22","6,507,700"
AMZN,9-Jan-19,"1,652.98","1,667.80","1,641.40","1,659.42","1,659.42","6,348,800"
AMZN,8-Jan-19,"1,664.69","1,676.61","1,616.61","1,656.58","1,656.58","8,881,400"
AMZN,7-Jan-19,"1,602.31","1,634.56","1,589.19","1,629.51","1,629.51","7,993,200"
AMZN,4-Jan-19,"1,530.00","1,594.00","1,518.31","1,575.39","1,575.39","9,182,600"
AMZN,3-Jan-19,"1,520.01","1,538.00","1,497.11","1,500.28","1,500.28","6,953,200"
AMZN,2-Jan-19,"1,465.20","1,553.36","1,460.93","1,539.13","1,539.13","7,983,100"
AMZN,31-Dec-18,"1,510.80","1,520.76","1,487.00","1,501.97","1,501.97","6,954,500"
AMZN,28-Dec-18,"1,473.35","1,513.47","1,449.00","1,478.02","1,478.02","8,829,000"
AMZN,27-Dec-18,"1,454.20","1,469.00","1,390.31","1,461.64","1,461.64","9,722,000"
AMZN,26-Dec-18,"1,368.89","1,473.16","1,363.01","1,470.90","1,470.90","10,411,800"
AMZN,24-Dec-18,"1,346.00","1,396.03","1,307.00","1,343.96","1,343.96","7,220,000"
AMZN,21-Dec-18,"1,464.99","1,480.00","1,363.96","1,377.45","1,377.45","13,640,300"
AMZN,20-Dec-18,"1,484.00","1,509.50","1,432.69","1,460.83","1,460.83","9,991,800"
BHGE,15-May-19,22.02,22.82,21.92,22.74,22.74,"2,678,900"
BHGE,14-May-19,21.97,22.46,21.97,22.28,22.28,"3,404,000"
BHGE,13-May-19,22.01,22.09,21.31,21.74,21.74,"4,444,100"
BHGE,10-May-19,22.52,22.57,22.04,22.32,22.32,"3,950,600"
BHGE,9-May-19,22.76,22.77,22.17,22.61,22.61,"6,478,600"
BHGE,8-May-19,23.25,23.4,22.88,22.95,22.95,"3,673,900"
BHGE,7-May-19,23.6,23.64,23.01,23.21,23.21,"2,857,100"
BHGE,6-May-19,23.81,24.24,23.7,23.94,23.94,"3,463,100"
BHGE,3-May-19,23.8,24.28,23.76,24.13,24.13,"4,917,100"
BHGE,2-May-19,23.41,23.82,23.18,23.52,23.52,"4,682,400"
BHGE,1-May-19,23.95,24.34,23.42,23.55,23.55,"7,400,400"
BHGE,30-Apr-19,25.64,25.81,23.75,24.02,24.02,"10,785,700"
BHGE,29-Apr-19,25.48,26.05,25.46,25.97,25.97,"3,722,000"
BHGE,26-Apr-19,25.32,25.78,25.15,25.58,25.58,"3,062,900"
BHGE,25-Apr-19,25.6,25.91,25.44,25.57,25.57,"4,365,800"
BHGE,24-Apr-19,26.08,26.24,25.58,25.61,25.61,"3,725,300"
BHGE,23-Apr-19,26.6,26.93,25.81,25.97,25.97,"7,332,300"
BHGE,22-Apr-19,25.81,26.68,25.65,26.6,26.6,"4,087,700"
BHGE,18-Apr-19,25.87,26.05,25.44,25.6,25.6,"2,879,400"
BHGE,17-Apr-19,25.98,26.28,25.57,25.78,25.78,"3,486,900"
BHGE,16-Apr-19,26.05,26.14,25.61,25.84,25.84,"4,412,300"
BHGE,15-Apr-19,26.25,26.44,25.92,25.95,25.95,"2,892,500"
BHGE,12-Apr-19,27.07,27.13,26.33,26.38,26.38,"4,508,600"
BHGE,11-Apr-19,26.84,26.99,26.39,26.66,26.66,"2,695,500"
BHGE,10-Apr-19,26.81,26.98,26.68,26.87,26.87,"3,018,900"
BHGE,9-Apr-19,26.69,26.83,26.38,26.68,26.68,"4,457,700"
BHGE,8-Apr-19,26.85,27.27,26.49,26.82,26.82,"4,881,700"
BHGE,5-Apr-19,26.83,27.14,26.65,26.78,26.78,"3,982,600"
BHGE,4-Apr-19,26.56,26.78,26.18,26.77,26.77,"4,255,900"
BHGE,3-Apr-19,27.18,27.44,26.25,26.47,26.47,"5,338,000"
BHGE,2-Apr-19,27.86,27.93,26.84,26.99,26.99,"5,730,000"
BHGE,1-Apr-19,27.92,28.15,27.64,27.84,27.84,"4,567,200"
BHGE,29-Mar-19,27.48,27.82,27.32,27.72,27.72,"7,450,800"
BHGE,28-Mar-19,27.16,27.45,26.87,27.16,27.16,"3,084,900"
BHGE,27-Mar-19,27.69,27.88,27.11,27.28,27.28,"2,487,800"
BHGE,26-Mar-19,27.68,28.11,27.34,27.68,27.68,"2,738,100"
BHGE,25-Mar-19,26.95,27.47,26.89,27.43,27.43,"2,448,300"
BHGE,22-Mar-19,28.27,28.32,27.15,27.16,27.16,"4,306,300"
BHGE,21-Mar-19,28.17,28.65,27.96,28.46,28.46,"3,163,700"
BHGE,20-Mar-19,27.84,28.48,27.63,28.25,28.25,"4,939,700"
BHGE,19-Mar-19,28.46,28.61,27.66,27.82,27.82,"4,848,400"
BHGE,18-Mar-19,28.01,28.41,28.01,28.18,28.18,"4,398,000"
BHGE,15-Mar-19,27.56,28.03,27.56,27.85,27.85,"9,978,700"
BHGE,14-Mar-19,27.28,27.79,27.25,27.71,27.71,"5,624,200"
BHGE,13-Mar-19,27.08,27.37,26.96,27.25,27.25,"3,097,600"
BHGE,12-Mar-19,26.65,26.91,26.57,26.82,26.82,"3,879,400"
BHGE,11-Mar-19,26.08,26.78,26.03,26.5,26.5,"4,563,000"
BHGE,8-Mar-19,25.64,25.79,25.22,25.73,25.73,"3,554,700"
BHGE,7-Mar-19,26.29,26.36,25.75,26.05,26.05,"3,988,700"
BHGE,6-Mar-19,27.03,27.03,26.18,26.31,26.31,"4,412,400"
BHGE,5-Mar-19,27.15,27.18,26.76,27.11,27.11,"4,287,700"
BHGE,4-Mar-19,27.28,27.51,26.73,27.09,27.09,"4,308,300"
BHGE,1-Mar-19,26.58,27.13,26.53,27.1,27.1,"4,128,500"
BHGE,28-Feb-19,26.76,26.8,26.16,26.38,26.38,"4,311,600"
BHGE,27-Feb-19,26.8,26.89,26.53,26.67,26.67,"2,526,600"
BHGE,26-Feb-19,26.78,27.09,26.44,26.75,26.75,"4,086,700"
BHGE,25-Feb-19,26.26,26.92,26.18,26.75,26.75,"3,393,000"
BHGE,22-Feb-19,26.49,26.56,26.21,26.35,26.35,"3,507,200"
BHGE,21-Feb-19,26.67,26.67,26.12,26.27,26.27,"4,052,300"
BHGE,20-Feb-19,26.13,26.98,26.13,26.58,26.58,"4,672,700"
BHGE,19-Feb-19,25.69,26.14,25.55,26.09,26.09,"2,939,700"
BHGE,15-Feb-19,25.89,26.03,25.68,25.83,25.83,"4,119,200"
BHGE,14-Feb-19,25,25.75,24.98,25.64,25.64,"6,223,600"
BHGE,13-Feb-19,24.76,25.57,24.71,25.13,25.13,"4,004,400"
BHGE,12-Feb-19,25.12,25.3,24.58,24.74,24.74,"6,388,400"
BHGE,11-Feb-19,24.42,24.94,24.33,24.82,24.82,"3,831,100"
BHGE,8-Feb-19,24.28,24.69,24.18,24.61,24.61,"4,403,700"
BHGE,7-Feb-19,24.69,25.04,23.86,24.39,24.39,"5,052,300"
BHGE,6-Feb-19,25.02,25.37,24.86,24.88,24.88,"4,800,900"
BHGE,5-Feb-19,24.56,25.2,24.55,25.03,25.03,"6,189,200"
BHGE,4-Feb-19,24.27,25.01,23.96,24.58,24.58,"6,067,000"
BHGE,1-Feb-19,23.52,24.59,23.38,24.35,24.35,"4,559,400"
BHGE,1-Feb-19,0.18,Dividend,31-Jan-19,24.07,24.96,23.44
BHGE,31-Jan-19,24.07,24.96,23.44,23.57,23.39,"9,064,600"
BHGE,30-Jan-19,23.28,24.16,23.18,23.94,23.76,"4,274,900"
BHGE,29-Jan-19,23.21,23.36,23.02,23.16,22.98,"3,365,200"
BHGE,28-Jan-19,23.28,23.28,22.62,22.98,22.8,"4,181,100"
BHGE,25-Jan-19,23.31,23.66,22.98,23.49,23.31,"6,687,200"
BHGE,24-Jan-19,22.84,23.36,22.79,23.04,22.86,"4,706,600"
BHGE,23-Jan-19,23.76,23.9,22.94,22.98,22.8,"4,654,900"
BHGE,22-Jan-19,23.87,24.02,23.49,23.77,23.59,"5,088,900"
BHGE,18-Jan-19,23.98,24.36,23.73,24.12,23.94,"4,566,700"
BHGE,17-Jan-19,22.91,23.71,22.77,23.65,23.47,"3,884,300"
BHGE,16-Jan-19,22.93,23.28,22.78,23.15,22.97,"4,029,200"
BHGE,15-Jan-19,23.36,23.65,22.95,23.02,22.84,"3,370,700"
BHGE,14-Jan-19,22.86,23.36,22.69,23.24,23.06,"4,804,100"
BHGE,11-Jan-19,23.14,23.25,22.7,23.1,22.92,"4,876,100"
BHGE,10-Jan-19,23.02,23.77,22.93,23.35,23.17,"5,316,500"
BHGE,9-Jan-19,23.5,23.78,23.17,23.17,22.99,"5,217,000"
BHGE,8-Jan-19,22.83,23.27,22.64,23.21,23.03,"4,959,100"
BHGE,7-Jan-19,21.94,22.75,21.82,22.55,22.38,"4,740,000"
BHGE,4-Jan-19,21.34,22.12,21.27,21.96,21.79,"5,040,400"
BHGE,3-Jan-19,21.09,21.35,20.54,20.91,20.75,"6,672,900"
BHGE,2-Jan-19,21.19,21.63,20.84,21.05,20.89,"7,150,000"
BHGE,31-Dec-18,21.57,21.58,21.01,21.5,21.34,"3,802,100"
BHGE,28-Dec-18,21.63,22.12,21.15,21.44,21.28,"4,525,200"
BHGE,27-Dec-18,21.05,21.49,20.41,21.48,21.32,"6,581,000"
BHGE,26-Dec-18,20.6,21.52,20.09,21.52,21.36,"4,106,300"
BHGE,24-Dec-18,20.74,21.24,20.46,20.48,20.32,"2,644,100"
BHGE,21-Dec-18,20.69,21.33,20.65,20.87,20.71,"10,352,800"
CHTR,15-May-19,370.38,378.34,368.92,377.19,377.19,"935,200"
CHTR,14-May-19,369.38,376.66,368.78,373.15,373.15,"846,500"
CHTR,13-May-19,372.31,375.54,367.35,368.89,368.89,"1,094,700"
CHTR,10-May-19,372.37,378.3,369.8,377.89,377.89,"594,000"
CHTR,9-May-19,369.46,375.32,368.33,374.33,374.33,"733,600"
CHTR,8-May-19,374.64,375.51,370.14,372.32,372.32,"787,700"
CHTR,7-May-19,372.31,375.31,368.2,374.74,374.74,"896,700"
CHTR,6-May-19,372.67,376.97,372.58,376.28,376.28,"1,059,900"
CHTR,3-May-19,372.12,377.93,369.61,377.68,377.68,"917,100"
CHTR,2-May-19,370.97,371.63,365.9,370.41,370.41,"678,200"
CHTR,1-May-19,373.13,378.36,370.72,371.04,371.04,"1,079,100"
CHTR,30-Apr-19,371.44,375,368.37,371.19,371.19,"1,322,600"
CHTR,29-Apr-19,370,371.63,368.58,370.97,370.97,"924,500"
CHTR,26-Apr-19,368.19,370.33,364.69,370.15,370.15,"782,400"
CHTR,25-Apr-19,357.91,368.78,357.32,366.76,366.76,"1,190,900"
CHTR,24-Apr-19,358.04,361.99,355.28,360.5,360.5,"817,100"
CHTR,23-Apr-19,356.5,361.32,355.33,358.63,358.63,"762,400"
CHTR,22-Apr-19,358.54,359.91,356.46,358.05,358.05,"610,300"
CHTR,18-Apr-19,367.2,367.2,356.79,359.37,359.37,"640,800"
CHTR,17-Apr-19,360,362.25,358.51,361.69,361.69,"842,100"
CHTR,16-Apr-19,359.01,359.67,356.97,358.05,358.05,"472,400"
CHTR,15-Apr-19,356.59,358.38,355.52,357.34,357.34,"749,600"
CHTR,12-Apr-19,355.89,356.95,354,356.05,356.05,"734,000"
CHTR,11-Apr-19,356.35,356.59,353.25,355.25,355.25,"689,100"
CHTR,10-Apr-19,353.48,355.47,353.04,354.35,354.35,"574,000"
CHTR,9-Apr-19,351.89,355.56,350.54,354.56,354.56,"808,800"
CHTR,8-Apr-19,350.53,355.12,350.53,354.14,354.14,"830,900"
CHTR,5-Apr-19,345.79,352.2,344.99,351.44,351.44,"1,247,200"
CHTR,4-Apr-19,346.25,347,343.95,345.72,345.72,"1,214,700"
CHTR,3-Apr-19,348.66,349.1,343.15,345.37,345.37,"1,195,900"
CHTR,2-Apr-19,346.75,347.51,344.36,346.63,346.63,"1,233,100"
CHTR,1-Apr-19,349.81,350.6,343.7,346.22,346.22,"1,153,100"
CHTR,29-Mar-19,352.12,354.6,345.67,346.91,346.91,"1,410,800"
CHTR,28-Mar-19,356.17,358.61,352.22,352.87,352.87,"834,200"
CHTR,27-Mar-19,356.39,360.26,354.77,355.51,355.51,"1,372,200"
CHTR,26-Mar-19,356.8,358.72,354.59,356.03,356.03,"1,150,200"
CHTR,25-Mar-19,360.75,362.51,355.77,356.84,356.84,"1,365,600"
CHTR,22-Mar-19,365.7,366.49,360.38,360.78,360.78,"5,241,900"
CHTR,21-Mar-19,361.8,368.02,360.85,366.27,366.27,"1,100,000"
CHTR,20-Mar-19,360.58,365.64,358.69,362.44,362.44,"1,194,700"
CHTR,19-Mar-19,359.48,363.25,357.55,360.45,360.45,"1,205,500"
CHTR,18-Mar-19,356.52,359.72,355.47,357.35,357.35,"1,086,100"
CHTR,15-Mar-19,352.36,356.9,350.85,355.92,355.92,"2,486,500"
CHTR,14-Mar-19,348.97,354.47,346.22,352.71,352.71,"1,131,300"
CHTR,13-Mar-19,343.99,350.06,342.52,348.13,348.13,"1,916,400"
CHTR,12-Mar-19,342.4,342.66,339.7,342.51,342.51,"1,572,400"
CHTR,11-Mar-19,337.69,341.88,336.04,341.08,341.08,"1,401,900"
CHTR,8-Mar-19,337.4,339.78,335.53,337.54,337.54,"701,500"
CHTR,7-Mar-19,339.81,341.67,337.01,340.03,340.03,"842,100"
CHTR,6-Mar-19,344.78,344.78,339.75,340.56,340.56,"990,100"
CHTR,5-Mar-19,345.22,346.99,337.04,343.75,343.75,"1,000,900"
CHTR,4-Mar-19,348.88,349.84,343.55,346.1,346.1,"1,386,700"
CHTR,1-Mar-19,347.52,347.52,344.96,346.58,346.58,"1,219,000"
CHTR,28-Feb-19,345.16,347.43,344.31,344.91,344.91,"1,035,000"
CHTR,27-Feb-19,344.59,345.85,342.91,345.03,345.03,"1,354,700"
CHTR,26-Feb-19,348.83,348.83,345.56,346.32,346.32,"1,118,100"
CHTR,25-Feb-19,352.34,353.75,347.88,348.9,348.9,"1,094,400"
CHTR,22-Feb-19,350.92,353.5,348.76,350.08,350.08,"1,261,600"
CHTR,21-Feb-19,348.28,350.28,343.85,349.54,349.54,"933,700"
CHTR,20-Feb-19,349.3,351.39,347.86,349.76,349.76,"2,112,300"
CHTR,19-Feb-19,347.67,350.78,347.01,348.43,348.43,"1,231,300"
CHTR,15-Feb-19,344.69,349.77,341.92,349.06,349.06,"1,132,000"
CHTR,14-Feb-19,336.36,343.27,335.22,341.6,341.6,"863,300"
CHTR,13-Feb-19,340.6,343.32,336.38,338.49,338.49,"1,124,200"
CHTR,12-Feb-19,341.04,342,339.11,340.4,340.4,"977,800"
CHTR,11-Feb-19,343.32,344.72,335.71,337.82,337.82,"1,251,600"
CHTR,8-Feb-19,341.36,344.64,338.87,344.16,344.16,"809,300"
CHTR,7-Feb-19,340.18,344.65,337.72,344.51,344.51,"1,190,900"
CHTR,6-Feb-19,340,343.79,338.91,343.51,343.51,"1,217,000"
CHTR,5-Feb-19,337.71,341,332.77,340.7,340.7,"1,498,500"
CHTR,4-Feb-19,338.65,343.9,336.39,337,337,"1,224,800"
CHTR,1-Feb-19,331.87,343.14,330.92,340.95,340.95,"1,998,500"
CHTR,31-Jan-19,320.01,338.31,319.3,331.05,331.05,"5,176,000"
CHTR,30-Jan-19,289.57,293.1,288,289.91,289.91,"1,725,800"
CHTR,29-Jan-19,290.7,292.97,287.58,289.78,289.78,"782,200"
CHTR,28-Jan-19,289.38,291.73,287.31,290.86,290.86,"1,136,600"
CHTR,25-Jan-19,290,291.61,286.8,291.41,291.41,"1,323,200"
CHTR,24-Jan-19,281.07,288,281.07,287.58,287.58,"1,439,400"
CHTR,23-Jan-19,287.36,291.35,279.33,284.53,284.53,"1,593,500"
CHTR,22-Jan-19,288.66,290.92,283.02,284.97,284.97,"2,404,100"
CHTR,18-Jan-19,297.24,297.24,289.57,291.4,291.4,"1,617,600"
CHTR,17-Jan-19,292.32,295.6,290.76,294.41,294.41,"841,400"
CHTR,16-Jan-19,293.19,295.83,290.94,293.81,293.81,"1,005,300"
CHTR,15-Jan-19,291.67,294.12,290.5,294,294,"1,152,400"
CHTR,14-Jan-19,292.99,298.2,290.76,291.56,291.56,"1,219,500"
CHTR,11-Jan-19,291.02,295.03,290.83,294.54,294.54,"906,800"
CHTR,10-Jan-19,295.47,297.1,291.01,292.67,292.67,"1,701,100"
CHTR,9-Jan-19,301.93,301.94,295.5,297.64,297.64,"1,241,400"
CHTR,8-Jan-19,300.4,305.72,300.12,300.71,300.71,"1,051,100"
CHTR,7-Jan-19,301.13,304.11,299.26,301.47,301.47,"1,308,400"
CHTR,4-Jan-19,291.11,305.12,288.62,302.74,302.74,"2,336,600"
CHTR,3-Jan-19,284.62,294,284.62,287.5,287.5,"1,175,400"
CHTR,2-Jan-19,279.89,289.52,279.11,287.99,287.99,"1,296,300"
CHTR,31-Dec-18,286.73,287.94,280.75,284.97,284.97,"1,075,300"
CHTR,28-Dec-18,287.7,290.52,274.71,285.08,285.08,"1,035,400"
CHTR,27-Dec-18,281.78,284.75,274.08,284.73,284.73,"1,242,500"
CHTR,26-Dec-18,275.34,285.85,272.91,285.7,285.7,"1,359,800"
CHTR,24-Dec-18,283.69,284.98,273.31,273.52,273.52,"1,009,000"
CHTR,21-Dec-18,287.98,296.44,282.73,283.93,283.93,"3,593,100"
CHTR,20-Dec-18,296.38,298.92,289.71,290.45,290.45,"2,488,200"
CRM,15-May-19,153.82,156.38,151.7,155.06,155.06,"7,778,000"
CRM,14-May-19,155.05,158.59,152.92,158.07,158.07,"4,954,000"
CRM,13-May-19,154.92,156.9,152.78,153.15,153.15,"5,694,600"
CRM,10-May-19,156.28,160.61,154.38,159.94,159.94,"4,462,200"
CRM,9-May-19,154.65,157.1,152.39,156.31,156.31,"5,809,300"
CRM,8-May-19,157.11,157.93,155.04,156.86,156.86,"4,061,300"
CRM,7-May-19,161.33,161.67,154.75,156.9,156.9,"6,541,900"
CRM,6-May-19,158.62,162.84,157.86,162.5,162.5,"2,520,600"
CRM,3-May-19,162.58,163.5,160.86,163.34,163.34,"3,131,000"
CRM,2-May-19,161.69,162.7,159.63,161.83,161.83,"3,181,100"
CRM,1-May-19,166.01,166.22,162.14,162.15,162.15,"2,707,700"
CRM,30-Apr-19,165.19,166.44,163.62,165.35,165.35,"3,581,800"
CRM,29-Apr-19,166.71,167.56,165.33,165.36,165.36,"4,509,700"
CRM,26-Apr-19,162.42,166.06,161.28,165.96,165.96,"3,342,900"
CRM,25-Apr-19,162,163.89,161,163.09,163.09,"5,498,400"
CRM,24-Apr-19,161.88,162.49,159.4,159.56,159.56,"3,384,900"
CRM,23-Apr-19,159.76,161.4,158.41,161.23,161.23,"3,418,400"
CRM,22-Apr-19,155.45,159.14,155.28,158.76,158.76,"2,943,300"
CRM,18-Apr-19,154.9,156.21,153.17,155.99,155.99,"4,391,500"
CRM,17-Apr-19,159.05,159.05,155.07,155.34,155.34,"4,765,500"
CRM,16-Apr-19,160.04,160.26,157.75,158.69,158.69,"3,004,800"
CRM,15-Apr-19,161,162.03,159.49,160.09,160.09,"2,608,400"
CRM,12-Apr-19,162,162.5,159.5,160.71,160.71,"2,844,200"
CRM,11-Apr-19,160.16,160.83,159.02,160.73,160.73,"2,578,400"
CRM,10-Apr-19,158.2,160.38,157.65,160.24,160.24,"3,414,700"
CRM,9-Apr-19,157.04,158.35,156.65,156.97,156.97,"5,642,900"
CRM,8-Apr-19,158.4,158.79,156.45,158.47,158.47,"2,848,400"
CRM,5-Apr-19,159.63,160.24,158.02,158.56,158.56,"4,315,300"
CRM,4-Apr-19,162.71,162.8,155.83,158.52,158.52,"6,295,200"
CRM,3-Apr-19,161.78,163.14,160.65,162.62,162.62,"3,819,800"
CRM,2-Apr-19,160.86,160.99,158.91,160.51,160.51,"3,158,400"
CRM,1-Apr-19,160.1,161.68,158.51,161.18,161.18,"4,601,100"
CRM,29-Mar-19,156.87,158.5,155.43,158.37,158.37,"4,913,100"
CRM,28-Mar-19,155.69,156.48,153.51,155.18,155.18,"4,424,800"
CRM,27-Mar-19,159,159.3,152.37,155.12,155.12,"8,218,700"
CRM,26-Mar-19,161.43,162.07,157.39,159.4,159.4,"6,910,300"
CRM,25-Mar-19,160.23,161.6,159.22,160.88,160.88,"3,795,400"
CRM,22-Mar-19,165.96,166.49,161.35,161.5,161.5,"5,614,300"
CRM,21-Mar-19,163.17,166.99,162.75,166.95,166.95,"4,277,800"
CRM,20-Mar-19,163.84,164.95,161.51,163.51,163.51,"4,391,000"
CRM,19-Mar-19,162.52,164.62,161.6,163.93,163.93,"4,379,000"
CRM,18-Mar-19,161.4,163.33,160.88,161.95,161.95,"3,575,500"
CRM,15-Mar-19,160.64,162.18,159.19,161.51,161.51,"6,743,700"
CRM,14-Mar-19,160.95,161.59,159.74,160.67,160.67,"3,247,200"
CRM,13-Mar-19,158.85,162,158.61,159.81,159.81,"5,230,600"
CRM,12-Mar-19,158,159.37,157.16,158.28,158.28,"4,082,100"
CRM,11-Mar-19,155.9,157.77,153.43,157.65,157.65,"5,699,500"
CRM,8-Mar-19,152.02,155.41,150.25,155.06,155.06,"4,800,700"
CRM,7-Mar-19,156.09,157.59,154.81,155.6,155.6,"6,907,100"
CRM,6-Mar-19,157.13,160.25,156.28,156.79,156.79,"7,436,300"
CRM,5-Mar-19,159.92,160.88,154.8,156.97,156.97,"16,042,900"
CRM,4-Mar-19,165.56,165.79,155.42,158.5,158.5,"17,886,300"
CRM,1-Mar-19,165.15,166.15,161.75,164.53,164.53,"6,919,900"
CRM,28-Feb-19,163,164.6,162.17,163.65,163.65,"6,908,100"
CRM,27-Feb-19,162.29,163.53,160.5,163.12,163.12,"4,278,300"
CRM,26-Feb-19,160.81,163.38,159.87,163,163,"4,496,300"
CRM,25-Feb-19,162.51,163.06,160.93,161.36,161.36,"5,076,700"
CRM,22-Feb-19,160.47,161.71,160.2,161.31,161.31,"4,175,000"
CRM,21-Feb-19,157.7,160.48,157.3,159.63,159.63,"4,463,000"
CRM,20-Feb-19,160.33,161.49,157.21,158.54,158.54,"7,047,200"
CRM,19-Feb-19,159.66,161.48,159.14,160.61,160.61,"3,883,200"
CRM,15-Feb-19,160.99,161.22,158.09,159.05,159.05,"5,282,000"
CRM,14-Feb-19,159.47,160.44,156.71,159.47,159.47,"5,061,100"
CRM,13-Feb-19,163.44,163.57,160.27,160.4,160.4,"5,296,000"
CRM,12-Feb-19,161.25,163.39,160.03,162.79,162.79,"5,631,700"
CRM,11-Feb-19,158.2,161.5,157.57,159.91,159.91,"7,125,500"
CRM,8-Feb-19,152.91,156.7,152.71,156.67,156.67,"3,018,700"
CRM,7-Feb-19,155.96,157.06,153.36,154.93,154.93,"4,545,500"
CRM,6-Feb-19,159,159.1,155.08,158.13,158.13,"4,205,100"
CRM,5-Feb-19,158.34,159.88,157.82,158.99,158.99,"4,575,600"
CRM,4-Feb-19,156.02,158.9,155.41,157.72,157.72,"5,264,700"
CRM,1-Feb-19,152.4,155.95,151.07,155.87,155.87,"5,959,200"
CRM,31-Jan-19,149.02,153.38,148.71,151.97,151.97,"8,615,900"
CRM,30-Jan-19,147.19,149.69,146.08,149.16,149.16,"4,653,400"
CRM,29-Jan-19,147.07,148,144.64,145.18,145.18,"3,915,100"
CRM,28-Jan-19,148.17,148.2,146.1,147.33,147.33,"4,054,700"
CRM,25-Jan-19,148.53,149.89,147.55,149.74,149.74,"4,600,800"
CRM,24-Jan-19,149.95,150.5,146.52,146.87,146.87,"6,734,700"
CRM,23-Jan-19,149.73,150.8,147.65,149.75,149.75,"3,335,400"
CRM,22-Jan-19,150.34,151.38,147.4,148.95,148.95,"5,203,300"
CRM,18-Jan-19,151.83,153.27,150.24,152.51,152.51,"6,151,200"
CRM,17-Jan-19,148.54,150.72,147.69,149.82,149.82,"3,743,200"
CRM,16-Jan-19,149.15,149.79,147.8,148.54,148.54,"3,936,800"
CRM,15-Jan-19,146.35,149.86,145.8,149.19,149.19,"5,350,400"
CRM,14-Jan-19,145.75,146.73,144.7,146.05,146.05,"5,815,500"
CRM,11-Jan-19,146.56,148.03,145.61,147.55,147.55,"5,185,200"
CRM,10-Jan-19,143.77,147.21,143.76,147.04,147.04,"5,116,900"
CRM,9-Jan-19,146.89,147.5,144.53,145.99,145.99,"5,445,900"
CRM,8-Jan-19,144.73,146.46,142.89,145.72,145.72,"9,057,300"
CRM,7-Jan-19,141.02,143.39,138.79,142.22,142.22,"9,064,800"
CRM,4-Jan-19,133.5,139.32,132.22,137.96,137.96,"6,650,600"
CRM,3-Jan-19,133.48,134.78,130.1,130.4,130.4,"6,019,500"
CRM,2-Jan-19,133.4,136.83,133.05,135.55,135.55,"4,783,900"
CRM,31-Dec-18,136,137.97,134.49,136.97,136.97,"5,467,700"
CRM,28-Dec-18,136,136.88,132.61,134.68,134.68,"7,276,200"
CRM,27-Dec-18,128.8,135.2,127.84,135.2,135.2,"7,967,700"
CRM,26-Dec-18,122.52,130.9,122.12,130.84,130.84,"8,110,900"
CRM,24-Dec-18,121.14,124.84,120.16,121.33,121.33,"4,721,500"
CRM,21-Dec-18,128.57,129.39,122.46,122.91,122.91,"12,568,600"
CRM,20-Dec-18,129.25,132.33,122.64,127.73,127.73,"12,265,100"
EOG,15-May-19,93.39,94.63,93.17,94.36,94.36,"1,950,500"
EOG,14-May-19,93.92,95.33,93.92,94.34,94.34,"2,482,500"
EOG,13-May-19,93.94,95.3,93.21,93.5,93.5,"4,184,500"
EOG,10-May-19,94.36,95.25,92.5,95,95,"2,425,700"
EOG,9-May-19,92.68,95.13,92.06,94.24,94.24,"3,395,100"
EOG,8-May-19,91.67,94.66,91.52,94.03,94.03,"3,925,400"
EOG,7-May-19,90.15,91.89,89.7,91.78,91.78,"4,170,900"
EOG,6-May-19,89.9,91.87,89.54,91.24,91.24,"3,705,900"
EOG,3-May-19,91.75,93.62,89.73,90.9,90.9,"6,354,600"
EOG,2-May-19,91.13,92.15,89.07,89.17,89.17,"5,145,900"
EOG,1-May-19,95.84,96.5,91.86,91.89,91.89,"5,186,600"
EOG,30-Apr-19,97.99,98.38,94.97,96.05,96.05,"3,804,600"
EOG,29-Apr-19,98,98.46,96.7,97,97,"3,512,000"
EOG,26-Apr-19,101.47,102.14,97.08,97.88,97.88,"4,380,400"
EOG,25-Apr-19,103.98,104.13,102.02,102.08,102.08,"4,090,800"
EOG,24-Apr-19,107.5,107.58,103.83,103.94,103.94,"3,599,200"
EOG,23-Apr-19,106.97,107.89,105.37,106.6,106.6,"4,242,000"
EOG,22-Apr-19,105.25,107.3,104.64,107.07,107.07,"3,886,000"
EOG,18-Apr-19,101.95,104.29,101.52,103.87,103.87,"3,307,000"
EOG,17-Apr-19,103.19,104.45,101.43,101.84,101.84,"2,445,500"
EOG,16-Apr-19,101.86,102.82,100.98,102.35,102.35,"2,990,100"
EOG,15-Apr-19,104.43,104.72,101.44,102.12,102.12,"6,091,000"
EOG,15-Apr-19,0.22,Dividend,12-Apr-19,102.09,106.48,101.85
EOG,12-Apr-19,102.09,106.48,101.85,105.31,105.09,"7,145,100"
EOG,11-Apr-19,98.38,99.76,97.66,98.73,98.52,"2,640,900"
EOG,10-Apr-19,99.34,100.05,98.4,98.73,98.52,"3,066,200"
EOG,9-Apr-19,98.79,99.59,97.39,98.57,98.36,"4,005,700"
EOG,8-Apr-19,99.12,100.99,98.97,99.48,99.27,"4,985,900"
EOG,5-Apr-19,94.45,98.76,93.94,98.63,98.42,"4,505,400"
EOG,4-Apr-19,94.06,94.5,92.92,93.67,93.47,"5,782,700"
EOG,3-Apr-19,96.65,96.65,93.78,93.93,93.73,"4,351,500"
EOG,2-Apr-19,97.08,97.77,96.01,96.05,95.85,"2,260,100"
EOG,1-Apr-19,96.19,97.15,95.58,96.94,96.74,"2,633,900"
EOG,29-Mar-19,96.38,96.58,94.85,95.18,94.98,"2,785,600"
EOG,28-Mar-19,93.81,95.47,93.72,95.24,95.04,"2,768,000"
EOG,27-Mar-19,94.32,95.45,93.64,94.59,94.39,"2,761,700"
EOG,26-Mar-19,94.45,95.99,94.27,94.77,94.57,"2,393,700"
EOG,25-Mar-19,93.55,94.13,91.98,92.78,92.59,"2,940,500"
EOG,22-Mar-19,95.75,95.95,92.78,93.68,93.48,"7,873,000"
EOG,21-Mar-19,95.82,97.23,94.39,96.87,96.67,"5,389,100"
EOG,20-Mar-19,93.05,96.61,92.82,95.89,95.69,"7,928,500"
EOG,19-Mar-19,92.82,93.13,92.34,92.88,92.69,"7,035,400"
EOG,18-Mar-19,89.02,92.19,88.82,91.92,91.73,"4,197,000"
EOG,15-Mar-19,89.11,90.36,88,88.85,88.66,"8,939,900"
EOG,14-Mar-19,88.62,90.05,88.34,89.69,89.5,"4,338,900"
EOG,13-Mar-19,88,88.67,86.77,88.57,88.38,"6,656,000"
EOG,12-Mar-19,86.93,87.64,86.47,86.98,86.8,"8,308,900"
EOG,11-Mar-19,86.77,87.87,86.14,86.26,86.08,"7,699,100"
EOG,8-Mar-19,89.32,89.7,86.19,86.44,86.26,"6,761,000"
EOG,7-Mar-19,92.07,92.12,90.58,91.35,91.16,"3,674,200"
EOG,6-Mar-19,94.92,94.98,91.56,91.94,91.75,"5,079,200"
EOG,5-Mar-19,97.04,97.3,95.27,95.5,95.3,"3,337,000"
EOG,4-Mar-19,96.71,97.63,95.12,96.81,96.61,"3,729,100"
EOG,1-Mar-19,94.64,97.01,94.39,96.42,96.22,"5,033,900"
EOG,28-Feb-19,95.37,96.23,92.97,94,93.8,"5,204,700"
EOG,27-Feb-19,95.54,98.4,93.99,95.04,94.84,"6,452,100"
EOG,26-Feb-19,94.99,95.17,92.97,93.91,93.71,"5,777,600"
EOG,25-Feb-19,95.13,95.71,94.17,94.75,94.55,"6,090,800"
EOG,22-Feb-19,96.43,97.12,95.12,95.53,95.33,"4,163,500"
EOG,21-Feb-19,98.34,98.67,94.57,95.35,95.15,"3,836,800"
EOG,20-Feb-19,99.58,99.81,98.42,98.78,98.57,"3,456,300"
EOG,19-Feb-19,99,100.28,98.41,99.71,99.5,"2,791,500"
EOG,15-Feb-19,98.22,100.26,97.91,100.25,100.04,"3,038,600"
EOG,14-Feb-19,96.33,97.83,96.25,96.96,96.76,"2,654,700"
EOG,13-Feb-19,96.15,97.79,95.74,96.75,96.55,"3,469,200"
EOG,12-Feb-19,95.78,97.12,95.2,95.63,95.43,"3,072,400"
EOG,11-Feb-19,91.63,94.35,91.61,94.21,94.01,"2,625,700"
EOG,8-Feb-19,92.67,93.27,89.94,92.5,92.31,"3,073,000"
EOG,7-Feb-19,95.46,95.77,91.73,92.99,92.8,"3,459,000"
EOG,6-Feb-19,97.49,97.61,96.06,96.18,95.98,"2,723,700"
EOG,5-Feb-19,99.23,99.65,97.87,98.35,98.14,"1,978,000"
EOG,4-Feb-19,97.75,99.4,96.71,99.38,99.17,"1,788,400"
EOG,1-Feb-19,99.87,100.49,98.55,98.85,98.64,"2,614,700"
EOG,31-Jan-19,99.94,100.85,98.59,99.2,98.99,"2,500,700"
EOG,30-Jan-19,99.69,99.9,98.37,99.45,99.24,"3,000,600"
EOG,29-Jan-19,98.6,99.75,98.09,98.87,98.66,"2,873,300"
EOG,28-Jan-19,97.43,98.25,96.49,98.1,97.9,"2,953,000"
EOG,25-Jan-19,98.19,100.3,98.05,99.1,98.89,"2,417,700"
EOG,24-Jan-19,96.52,98.05,95.79,97.24,97.04,"3,128,900"
EOG,23-Jan-19,97.65,98.42,96.13,96.57,96.37,"2,679,100"
EOG,22-Jan-19,99.76,100.06,96.63,96.86,96.66,"4,390,200"
EOG,18-Jan-19,100.3,101.37,99.11,101.05,100.84,"3,299,500"
EOG,17-Jan-19,98.36,99.35,97.11,99.05,98.84,"2,670,800"
EOG,16-Jan-19,98.55,99.42,97.44,98.67,98.46,"2,800,500"
EOG,16-Jan-19,0.22,Dividend,15-Jan-19,98.97,99.94,98
EOG,15-Jan-19,98.97,99.94,98,98.59,98.16,"2,452,700"
EOG,14-Jan-19,95.66,99.01,95.28,98.51,98.08,"3,504,800"
EOG,11-Jan-19,97.86,98.01,95.96,96.87,96.45,"3,206,100"
EOG,10-Jan-19,98.02,99.32,97.28,99.12,98.69,"3,480,400"
EOG,9-Jan-19,96.78,99.51,96.11,99.19,98.76,"4,739,600"
EOG,8-Jan-19,95.66,96.11,94.34,95.52,95.11,"3,437,800"
EOG,7-Jan-19,94.49,96.41,92.22,94.51,94.1,"4,453,100"
EOG,4-Jan-19,91.7,94.3,91.08,93.92,93.51,"3,874,200"
EOG,3-Jan-19,90.6,91.22,88.26,89.97,89.58,"2,961,700"
EOG,2-Jan-19,85.66,91.26,85.2,90.61,90.22,"3,863,000"
EOG,31-Dec-18,88.21,88.9,86.37,87.21,86.83,"3,571,100"
EOG,28-Dec-18,89.24,89.33,86.15,87.52,87.14,"3,325,200"
EOG,27-Dec-18,87.1,88.79,85.05,88.79,88.41,"4,305,200"
EOG,26-Dec-18,83.83,89.03,82.04,88.99,88.61,"4,488,200"
EOG,24-Dec-18,86.23,86.73,82.78,82.86,82.5,"2,773,400"
OXY,15-May-19,54.11,54.26,53.12,54.25,54.25,"13,684,500"
OXY,14-May-19,54.32,55.01,54.15,54.55,54.55,"7,195,100"
OXY,13-May-19,54.57,54.75,53.51,54.17,54.17,"12,889,800"
OXY,10-May-19,56.34,56.58,54.5,54.97,54.97,"17,791,400"
OXY,9-May-19,56.85,57.13,56.12,56.33,56.33,"36,678,600"
OXY,8-May-19,59.76,60.73,59.4,60.21,60.21,"17,378,500"
OXY,7-May-19,58.41,59.77,58.17,59.69,59.69,"21,567,200"
OXY,6-May-19,57.33,59.18,56.94,58.77,58.77,"25,494,800"
OXY,3-May-19,57.97,58.6,57.69,57.95,57.95,"10,790,000"
OXY,2-May-19,57.41,57.86,56.95,57.35,57.35,"18,795,100"
OXY,1-May-19,59.1,59.27,57.48,57.48,57.48,"11,084,200"
OXY,30-Apr-19,58.65,59.3,57.54,58.88,58.88,"24,103,900"
OXY,29-Apr-19,60.06,60.6,59.59,60.13,60.13,"9,112,800"
OXY,26-Apr-19,61.6,61.8,60.01,61.31,61.31,"10,170,800"
OXY,25-Apr-19,60.77,63.42,60.26,61.84,61.84,"16,502,800"
OXY,24-Apr-19,59.81,62.12,59.76,62,62,"28,235,200"
OXY,23-Apr-19,62.93,62.95,61.75,62.36,62.36,"10,307,300"
OXY,22-Apr-19,62.35,63.31,62.05,63.05,63.05,"5,873,700"
OXY,18-Apr-19,62.65,62.8,61.79,61.82,61.82,"8,480,700"
OXY,17-Apr-19,64.02,64.6,62.53,62.65,62.65,"6,554,000"
OXY,16-Apr-19,63.52,64.71,63.18,63.67,63.67,"11,094,100"
OXY,15-Apr-19,65.16,65.25,62.77,63.36,63.36,"11,793,400"
OXY,12-Apr-19,66.04,66.45,64.04,65.33,65.33,"10,070,600"
OXY,11-Apr-19,66.76,67.57,66.44,67.18,67.18,"2,956,400"
OXY,10-Apr-19,67.48,67.7,66.99,67.18,67.18,"3,645,800"
OXY,9-Apr-19,68.03,68.18,66.98,67.28,67.28,"3,301,400"
OXY,8-Apr-19,68.35,68.83,67.86,68.37,68.37,"2,527,700"
OXY,5-Apr-19,66.66,68.36,66.65,68.04,68.04,"3,808,400"
OXY,4-Apr-19,66.11,66.62,65.57,66.44,66.44,"2,855,700"
OXY,3-Apr-19,67.23,67.23,65.84,66.06,66.06,"3,056,700"
OXY,2-Apr-19,67.21,67.63,66.19,66.63,66.63,"3,312,400"
OXY,1-Apr-19,66.89,67.28,66.54,67.18,67.18,"2,809,900"
OXY,29-Mar-19,67.28,67.48,66.05,66.2,66.2,"3,190,400"
OXY,28-Mar-19,65.93,66.66,65.8,66.57,66.57,"2,522,500"
OXY,27-Mar-19,67.21,67.21,65.86,66.35,66.35,"3,559,800"
OXY,26-Mar-19,65.88,67.49,65.71,67.08,67.08,"5,885,500"
OXY,25-Mar-19,65.27,65.33,64.51,65.13,65.13,"6,588,600"
OXY,22-Mar-19,66.75,66.85,65.13,65.24,65.24,"6,138,600"
OXY,21-Mar-19,66.96,67.3,66.48,67.24,67.24,"5,284,600"
OXY,20-Mar-19,66.03,67.74,65.91,67.26,67.26,"5,112,800"
OXY,19-Mar-19,67.36,67.79,65.94,66.17,66.17,"3,695,500"
OXY,18-Mar-19,65.76,67.09,65.64,67.01,67.01,"3,256,800"
OXY,15-Mar-19,64.86,65.6,64.85,65.47,65.47,"5,602,900"
OXY,14-Mar-19,64.97,65.49,64.95,65.21,65.21,"2,446,300"
OXY,13-Mar-19,64.72,65.17,64.31,65.06,65.06,"2,561,600"
OXY,12-Mar-19,64.19,64.5,63.93,64.2,64.2,"3,195,500"
OXY,11-Mar-19,63.27,63.97,62.81,63.88,63.88,"3,770,000"
OXY,8-Mar-19,64.09,64.09,62.12,62.71,62.71,"5,581,500"
OXY,8-Mar-19,0.78,Dividend,7-Mar-19,66.23,66.3,65.5
OXY,7-Mar-19,66.23,66.3,65.5,65.74,64.96,"3,156,000"
OXY,6-Mar-19,67.14,67.41,65.86,66.19,65.4,"4,453,400"
OXY,5-Mar-19,67.42,67.83,66.81,67.53,66.73,"3,699,200"
OXY,4-Mar-19,67.76,67.98,66.41,67.45,66.65,"4,198,600"
OXY,1-Mar-19,66.37,67.57,66.37,67.55,66.75,"3,866,000"
OXY,28-Feb-19,66.65,66.66,65.37,66.15,65.37,"3,856,300"
OXY,27-Feb-19,66.31,67.27,66.08,66.65,65.86,"2,959,300"
OXY,26-Feb-19,66.28,66.88,65.96,66.04,65.26,"2,764,700"
OXY,25-Feb-19,65.78,66.37,65.67,66.23,65.44,"3,594,600"
OXY,22-Feb-19,67.18,67.21,65.74,65.93,65.15,"5,035,900"
OXY,21-Feb-19,68.19,68.19,66.41,66.6,65.81,"4,122,700"
OXY,20-Feb-19,67.5,68.31,67.35,68.25,67.44,"4,017,600"
OXY,19-Feb-19,65.69,67.75,65.64,67.63,66.83,"5,082,900"
OXY,15-Feb-19,67.57,68.26,66.5,67.19,66.39,"6,058,100"
OXY,14-Feb-19,65.68,67.36,65.29,66.57,65.78,"5,701,600"
OXY,13-Feb-19,66.13,68.05,64.88,65.85,65.07,"7,206,200"
OXY,12-Feb-19,65.86,66.27,65.58,65.75,64.97,"3,903,100"
OXY,11-Feb-19,64.48,65.06,63.94,64.84,64.07,"5,489,500"
OXY,8-Feb-19,64.6,64.98,63.38,64.96,64.19,"4,651,500"
OXY,7-Feb-19,66.1,66.21,64.46,64.92,64.15,"4,421,700"
OXY,6-Feb-19,66.84,67.16,66.48,66.63,65.84,"3,205,500"
OXY,5-Feb-19,67.61,67.64,67.01,67.3,66.5,"2,916,300"
OXY,4-Feb-19,67.47,67.91,67.13,67.74,66.94,"3,250,900"
OXY,1-Feb-19,67.26,68.23,66.78,68.04,67.23,"5,387,200"
OXY,31-Jan-19,67.28,67.39,66.21,66.78,65.99,"5,914,100"
OXY,30-Jan-19,66.96,67.46,66.44,66.97,66.18,"3,894,100"
OXY,29-Jan-19,66.57,66.82,66,66.48,65.69,"3,887,200"
OXY,28-Jan-19,65.64,66.14,64.99,66.08,65.3,"3,795,300"
OXY,25-Jan-19,65.55,66.7,65.42,66.53,65.74,"3,474,700"
OXY,24-Jan-19,64.54,65.16,64.01,64.98,64.21,"4,035,100"
OXY,23-Jan-19,65.26,65.71,63.94,64.57,63.8,"3,730,600"
OXY,22-Jan-19,66.35,66.4,64.86,65.12,64.35,"4,140,800"
OXY,18-Jan-19,66.56,67.23,65.86,67.03,66.23,"4,596,200"
OXY,17-Jan-19,64.65,66.1,64.45,65.83,65.05,"4,767,500"
OXY,16-Jan-19,65.51,65.67,65.08,65.14,64.37,"4,484,500"
OXY,15-Jan-19,65.81,66.53,65.35,65.52,64.74,"4,499,700"
OXY,14-Jan-19,65.45,66.47,65.4,65.58,64.8,"6,604,000"
OXY,11-Jan-19,65.66,66.25,65.19,66.22,65.43,"3,894,600"
OXY,10-Jan-19,65.81,66.28,65.04,66.19,65.4,"4,983,200"
OXY,9-Jan-19,65.48,66.22,65.25,65.78,65,"4,515,800"
OXY,8-Jan-19,65.3,66.31,64.9,64.99,64.22,"5,420,100"
OXY,7-Jan-19,63.55,65.33,62.75,64.48,63.71,"5,771,600"
OXY,4-Jan-19,62.28,63.42,62.03,63.21,62.46,"6,367,400"
OXY,3-Jan-19,62.18,62.4,60.73,61.24,60.51,"5,465,500"
OXY,2-Jan-19,60.52,62.4,59.72,62,61.26,"5,355,300"
OXY,31-Dec-18,60.78,61.5,60.51,61.38,60.65,"5,126,200"
OXY,28-Dec-18,61.19,61.46,60.18,60.47,59.75,"5,029,100"
OXY,27-Dec-18,59.45,60.78,58.52,60.76,60.04,"6,814,700"
OXY,26-Dec-18,57.62,60.63,56.83,60.6,59.88,"7,171,400"
OXY,24-Dec-18,59.42,59.83,57.11,57.11,56.43,"4,131,100"
OXY,21-Dec-18,60.41,61.55,59.6,59.98,59.27,"12,543,000"
SBAC,15-May-19,207.34,211.07,207.28,210.4,210.4,"572,300"
SBAC,14-May-19,209.86,212.96,209.02,209.47,209.47,"479,900"
SBAC,13-May-19,208.15,210.14,207.77,209.27,209.27,"433,200"
SBAC,10-May-19,207.2,210.73,206.36,210.39,210.39,"591,500"
SBAC,9-May-19,207,208.1,205.22,207.31,207.31,"551,700"
SBAC,8-May-19,204.01,208.5,204.01,207.94,207.94,"729,800"
SBAC,7-May-19,205.61,206.11,202.52,204.35,204.35,"665,300"
SBAC,6-May-19,206.52,207.51,205,206.04,206.04,"390,100"
SBAC,3-May-19,204.97,207.28,204.37,206.92,206.92,"529,000"
SBAC,2-May-19,203.13,205.15,203.13,204.19,204.19,"853,200"
SBAC,1-May-19,202.94,207.19,202.68,203.81,203.81,"768,100"
SBAC,30-Apr-19,199.61,204.12,197.86,203.73,203.73,"892,400"
SBAC,29-Apr-19,200.65,201.48,199.23,199.81,199.81,"639,500"
SBAC,26-Apr-19,199.68,201.26,199.34,201.07,201.07,"390,600"
SBAC,25-Apr-19,200.43,200.84,198.33,199.53,199.53,"435,400"
SBAC,24-Apr-19,200.22,202,199.05,200.84,200.84,"387,300"
SBAC,23-Apr-19,199.26,200.87,198.15,199.98,199.98,"454,000"
SBAC,22-Apr-19,197.48,199.64,196.38,199.37,199.37,"472,600"
SBAC,18-Apr-19,197.53,198.95,193.91,198.18,198.18,"630,300"
SBAC,17-Apr-19,200,201.07,197.03,197.3,197.3,"667,100"
SBAC,16-Apr-19,203.88,203.94,197.83,198.88,198.88,"483,700"
SBAC,15-Apr-19,203.75,204.06,201.94,203.11,203.11,"424,600"
SBAC,12-Apr-19,202.73,204.34,200.68,204.24,204.24,"419,800"
SBAC,11-Apr-19,202.93,203.64,201.77,203.32,203.32,"505,200"
SBAC,10-Apr-19,201.73,202.98,201.26,202.53,202.53,"443,500"
SBAC,9-Apr-19,201.41,202.79,199.9,201.19,201.19,"612,200"
SBAC,8-Apr-19,201.02,202.18,199.86,201.49,201.49,"530,800"
SBAC,5-Apr-19,197.67,201.17,197.47,201.01,201.01,"699,200"
SBAC,4-Apr-19,200.51,200.96,198.02,198.13,198.13,"922,200"
SBAC,3-Apr-19,199.77,201.57,198.01,200.12,200.12,"571,200"
SBAC,2-Apr-19,198.05,200.5,197.05,199.64,199.64,"758,300"
SBAC,1-Apr-19,200.22,200.22,196.21,197.91,197.91,"1,041,500"
SBAC,29-Mar-19,194.94,200.04,194.14,199.66,199.66,"1,491,800"
SBAC,28-Mar-19,193.89,195.16,192.43,194.93,194.93,"1,077,200"
SBAC,27-Mar-19,195.45,195.45,192.58,193.75,193.75,"824,500"
SBAC,26-Mar-19,196.89,196.89,194.4,195,195,"655,200"
SBAC,25-Mar-19,197.32,197.76,195.41,195.58,195.58,"759,800"
SBAC,22-Mar-19,195.1,198.14,195.1,197.12,197.12,"999,200"
SBAC,21-Mar-19,192.1,196.27,191.59,196.07,196.07,"810,500"
SBAC,20-Mar-19,191.59,193.73,190.51,192.61,192.61,"632,600"
SBAC,19-Mar-19,191.65,193.17,191.5,191.89,191.89,"667,900"
SBAC,18-Mar-19,191.06,192.18,190.28,191.56,191.56,"733,700"
SBAC,15-Mar-19,189.55,191.27,189.09,190.95,190.95,"1,102,900"
SBAC,14-Mar-19,189.21,189.5,187.64,189.44,189.44,"490,200"
SBAC,13-Mar-19,187.49,189.04,187.15,188.96,188.96,"710,300"
SBAC,12-Mar-19,185.76,187.73,184.73,187.12,187.12,"579,500"
SBAC,11-Mar-19,183.27,186,183.27,185.91,185.91,"568,100"
SBAC,8-Mar-19,183.38,185.69,182.11,183.47,183.47,"511,700"
SBAC,7-Mar-19,182.3,184.5,181.5,183.38,183.38,"707,900"
SBAC,6-Mar-19,182,183.07,181.68,182.3,182.3,"399,500"
SBAC,5-Mar-19,182.48,183.73,181.33,182.1,182.1,"734,900"
SBAC,4-Mar-19,182.45,182.88,180.08,182.48,182.48,"839,100"
SBAC,1-Mar-19,181.21,182.44,178.85,182.11,182.11,"684,400"
SBAC,28-Feb-19,180.18,183.02,179.77,180.56,180.56,"999,000"
SBAC,27-Feb-19,180.76,181.51,178.57,180.41,180.41,"347,500"
SBAC,26-Feb-19,180.66,182.12,179.96,180.99,180.99,"556,100"
SBAC,25-Feb-19,181.92,182.63,179.88,181.09,181.09,"656,800"
SBAC,22-Feb-19,181.49,184.63,179.35,182.55,182.55,"992,300"
SBAC,21-Feb-19,183.54,183.54,180.34,182.66,182.66,"776,000"
SBAC,20-Feb-19,183.05,184.05,182,182.99,182.99,"652,800"
SBAC,19-Feb-19,184.46,186.35,183.01,183.55,183.55,"873,800"
SBAC,15-Feb-19,185.06,185.93,184.01,185.5,185.5,"1,332,700"
SBAC,14-Feb-19,184.02,185.12,183.59,184.19,184.19,"432,600"
SBAC,13-Feb-19,183.36,184.49,182.65,184.34,184.34,"423,600"
SBAC,12-Feb-19,184.13,184.2,182.14,183.21,183.21,"403,800"
SBAC,11-Feb-19,183.9,184.98,182.95,183.97,183.97,"505,200"
SBAC,8-Feb-19,183.58,184.74,182.49,183.22,183.22,"515,300"
SBAC,7-Feb-19,181.16,183.87,180.43,183.65,183.65,"370,000"
SBAC,6-Feb-19,184.03,184.6,181.29,181.42,181.42,"542,700"
SBAC,5-Feb-19,181.85,184.71,181.55,184.59,184.59,"754,700"
SBAC,4-Feb-19,181.04,182.5,179.89,182.46,182.46,"572,300"
SBAC,1-Feb-19,182.94,183.36,178.1,181.14,181.14,"590,700"
SBAC,31-Jan-19,178.63,182.8,177.47,182.53,182.53,"878,400"
SBAC,30-Jan-19,178.67,180,177.38,178.81,178.81,"712,900"
SBAC,29-Jan-19,177.83,178.84,177,178.76,178.76,"666,700"
SBAC,28-Jan-19,176.39,178,175.17,177.62,177.62,"542,300"
SBAC,25-Jan-19,176.34,179.63,174.94,177.27,177.27,"957,400"
SBAC,24-Jan-19,175.06,177.91,173.41,176.53,176.53,"569,400"
SBAC,23-Jan-19,173.01,175.6,172.32,175.5,175.5,"834,500"
SBAC,22-Jan-19,172.92,174,171.16,173.16,173.16,"638,700"
SBAC,18-Jan-19,174.35,174.56,171.46,173.05,173.05,"1,068,100"
SBAC,17-Jan-19,171.91,174.32,171.53,173.46,173.46,"634,500"
SBAC,16-Jan-19,170.57,173.31,169.23,172.57,172.57,"695,100"
SBAC,15-Jan-19,169.64,171.79,169.32,170.5,170.5,"525,800"
SBAC,14-Jan-19,169.31,170.62,168.35,169.16,169.16,"647,200"
SBAC,11-Jan-19,167.83,170.43,166.71,169.79,169.79,"451,200"
SBAC,10-Jan-19,164.52,168.21,163.81,168.05,168.05,"486,100"
SBAC,9-Jan-19,167.25,167.25,164.25,164.94,164.94,"523,000"
SBAC,8-Jan-19,165.61,167.74,163.65,167.26,167.26,"763,300"
SBAC,7-Jan-19,163.71,166.73,163.04,164.59,164.59,"593,900"
SBAC,4-Jan-19,162.97,165.04,161.99,162.94,162.94,"743,900"
SBAC,3-Jan-19,160.15,164.61,160.15,162.54,162.54,"804,200"
SBAC,2-Jan-19,160.1,160.98,158.07,160.75,160.75,"805,800"
SBAC,31-Dec-18,163,163.52,160.24,161.89,161.89,"814,900"
SBAC,28-Dec-18,164.54,165.06,161.52,162.49,162.49,"575,700"
SBAC,27-Dec-18,162.65,164.99,158.04,163.19,163.19,"687,800"
SBAC,26-Dec-18,158,164.28,155.19,164.27,164.27,"1,044,500"
SBAC,24-Dec-18,161.17,162.88,157.9,158.13,158.13,"830,500"
SBAC,21-Dec-18,163.78,167.6,161.54,161.79,161.79,"1,977,000"
SBAC,20-Dec-18,164.45,166.38,162.18,163.4,163.4,"1,042,900"
VRTX,15-May-19,165.41,168.22,164.96,166.88,166.88,"663,700"
VRTX,14-May-19,165.6,167.58,164.96,166.72,166.72,"938,200"
VRTX,13-May-19,165.7,167.48,164.07,164.61,164.61,"1,118,500"
VRTX,10-May-19,169.36,169.36,164.31,168.85,168.85,"805,700"
VRTX,9-May-19,167.4,170.5,166.48,169.91,169.91,"820,200"
VRTX,8-May-19,170.06,171.54,168.4,169.01,169.01,"1,121,600"
VRTX,7-May-19,172.33,174.38,168.59,170.28,170.28,"1,345,900"
VRTX,6-May-19,170.3,175.15,169.95,174.76,174.76,"888,300"
VRTX,3-May-19,170.05,174.19,169.46,173.87,173.87,"971,800"
VRTX,2-May-19,172.1,172.49,167.8,169.54,169.54,"1,209,800"
VRTX,1-May-19,168.76,175.6,168.51,172.6,172.6,"1,824,800"
VRTX,30-Apr-19,173.93,174.92,168.49,168.98,168.98,"1,619,800"
VRTX,29-Apr-19,172.58,173.67,171.22,172.52,172.52,"750,300"
VRTX,26-Apr-19,173.98,174.42,170.01,172.85,172.85,"1,117,700"
VRTX,25-Apr-19,172.4,175.22,170.2,174.61,174.61,"806,500"
VRTX,24-Apr-19,175.58,175.86,171.76,172.58,172.58,"1,164,500"
VRTX,23-Apr-19,169.22,175.6,168.77,175.37,175.37,"1,514,600"
VRTX,22-Apr-19,167.79,169.86,166.2,168.52,168.52,"1,213,500"
VRTX,18-Apr-19,169.96,170.45,163.68,168.16,168.16,"3,195,700"
VRTX,17-Apr-19,180.45,180.75,166.65,166.97,166.97,"2,851,100"
VRTX,16-Apr-19,183.63,184.8,179.59,179.74,179.74,"900,300"
VRTX,15-Apr-19,182.27,184.32,180.24,182.49,182.49,"826,700"
VRTX,12-Apr-19,185.42,186.47,182.31,182.78,182.78,"1,077,400"
VRTX,11-Apr-19,191.08,191.42,184.22,185.12,185.12,"1,971,900"
VRTX,10-Apr-19,188.32,191.71,187.07,190.37,190.37,"1,155,900"
VRTX,9-Apr-19,188.01,189.7,187.75,188.31,188.31,"976,000"
VRTX,8-Apr-19,189.27,189.95,186.67,188.93,188.93,"910,100"
VRTX,5-Apr-19,184.49,189.35,184.24,188.89,188.89,"2,289,000"
VRTX,4-Apr-19,188.22,188.34,182.49,184.15,184.15,"1,193,400"
VRTX,3-Apr-19,187.9,188.98,187.01,187.89,187.89,"829,400"
VRTX,2-Apr-19,185.96,189.43,184.91,187.11,187.11,"814,400"
VRTX,1-Apr-19,185.2,187.38,184.68,186.05,186.05,"1,030,000"
VRTX,29-Mar-19,184.29,184.86,181.92,183.95,183.95,"1,274,700"
VRTX,28-Mar-19,186.01,186.94,181.49,182.42,182.42,"1,615,200"
VRTX,27-Mar-19,190,190.01,185.62,185.82,185.82,"1,181,200"
VRTX,26-Mar-19,185.24,190.07,184.83,189.91,189.91,"1,373,700"
VRTX,25-Mar-19,181.67,185.06,181.44,183.85,183.85,"1,754,500"
VRTX,22-Mar-19,182.07,183.85,181.04,181.53,181.53,"1,612,300"
VRTX,21-Mar-19,178.22,182.74,178.22,182.56,182.56,"1,156,500"
VRTX,20-Mar-19,181.53,182.46,179.54,179.98,179.98,"1,213,600"
VRTX,19-Mar-19,184.64,185,181.18,181.76,181.76,"1,556,200"
VRTX,18-Mar-19,188,189.21,185.53,187.48,187.48,"1,554,100"
VRTX,15-Mar-19,186.88,189.35,186.37,188.09,188.09,"2,768,600"
VRTX,14-Mar-19,185.62,186.66,184.45,186.11,186.11,"785,700"
VRTX,13-Mar-19,183.37,186.78,182.21,185.66,185.66,"1,202,300"
VRTX,12-Mar-19,181.15,183.23,179.85,182.57,182.57,"1,545,300"
VRTX,11-Mar-19,177.94,180.56,177.78,180.52,180.52,"1,350,700"
VRTX,8-Mar-19,177.26,177.62,173.59,177.26,177.26,"1,451,500"
VRTX,7-Mar-19,181.36,181.83,177.45,178.61,178.61,"1,432,000"
VRTX,6-Mar-19,188.18,188.7,180.56,181.11,181.11,"1,381,000"
VRTX,5-Mar-19,190.16,190.51,187.52,187.8,187.8,"1,409,100"
VRTX,4-Mar-19,193.03,193.89,186.71,190.04,190.04,"1,208,600"
VRTX,1-Mar-19,189.95,192.69,189.28,192.16,192.16,"887,600"
VRTX,28-Feb-19,189.74,190.04,188.23,188.75,188.75,"1,194,700"
VRTX,27-Feb-19,187.97,189.87,186.44,189.81,189.81,"633,200"
VRTX,26-Feb-19,186.26,189.99,184.89,188.92,188.92,"1,478,000"
VRTX,25-Feb-19,186.74,188.1,185.63,186.33,186.33,"1,268,800"
VRTX,22-Feb-19,184.33,185.84,182.94,185.76,185.76,"1,027,400"
VRTX,21-Feb-19,187.7,188.12,182.16,183.06,183.06,"1,087,000"
VRTX,20-Feb-19,186.06,188.64,185.65,187.84,187.84,"1,066,300"
VRTX,19-Feb-19,187.9,189.09,185.83,186.86,186.86,"1,823,700"
VRTX,15-Feb-19,185.67,188.56,185.67,188.07,188.07,"1,408,200"
VRTX,14-Feb-19,184.52,186.84,183.53,185.72,185.72,"917,800"
VRTX,13-Feb-19,185,186.25,184.35,185.25,185.25,"1,244,500"
VRTX,12-Feb-19,181.44,184.3,181.44,184.01,184.01,"1,316,600"
VRTX,11-Feb-19,182.05,182.17,178.4,181.53,181.53,"2,037,000"
VRTX,8-Feb-19,178.76,181.45,178.76,181.34,181.34,"980,600"
VRTX,7-Feb-19,181.5,182.59,178.99,180.18,180.18,"1,462,500"
VRTX,6-Feb-19,193,193,182.06,182.39,182.39,"1,915,700"
VRTX,5-Feb-19,185.81,190.74,185.44,187.02,187.02,"1,643,500"
VRTX,4-Feb-19,189.19,189.28,184.49,187.98,187.98,"1,482,300"
VRTX,1-Feb-19,190.92,193.03,189.92,191.52,191.52,"892,800"
VRTX,31-Jan-19,187.17,190.98,186.86,190.91,190.91,"900,800"
VRTX,30-Jan-19,185.84,187.92,184.5,187.05,187.05,"1,385,900"
VRTX,29-Jan-19,188.16,188.26,184.7,186.38,186.38,"1,024,500"
VRTX,28-Jan-19,188.94,188.98,185.76,188.09,188.09,"1,513,500"
VRTX,25-Jan-19,188.16,190.39,186.27,189.5,189.5,"1,404,800"
VRTX,24-Jan-19,189.64,190.23,186.47,186.58,186.58,"1,825,300"
VRTX,23-Jan-19,194.67,195.2,187.78,189.89,189.89,"2,043,000"
VRTX,22-Jan-19,193.48,195.81,192.39,193.88,193.88,"2,003,900"
VRTX,18-Jan-19,192.63,194.78,189.41,194.7,194.7,"2,150,100"
VRTX,17-Jan-19,185.77,191.42,184.71,190.52,190.52,"1,605,900"
VRTX,16-Jan-19,186.21,188.34,184.13,186.15,186.15,"2,251,200"
VRTX,15-Jan-19,184.37,186.76,183.06,186.68,186.68,"1,330,500"
VRTX,14-Jan-19,186.71,186.99,183.78,183.91,183.91,"1,962,000"
VRTX,11-Jan-19,184.62,188.86,183.43,188.16,188.16,"2,222,600"
VRTX,10-Jan-19,181.85,186.09,180.26,186.03,186.03,"1,988,200"
VRTX,9-Jan-19,179.14,182.7,178.25,182.3,182.3,"2,298,500"
VRTX,8-Jan-19,177,178.41,174.72,178.19,178.19,"1,653,200"
VRTX,7-Jan-19,173.05,176.78,170.87,175.85,175.85,"1,294,600"
VRTX,4-Jan-19,165.9,173.31,164.9,172.7,172.7,"1,874,500"
VRTX,3-Jan-19,165.83,169.32,163.18,163.73,163.73,"1,679,300"
VRTX,2-Jan-19,161.21,165.14,160.95,164.08,164.08,"1,465,400"
VRTX,31-Dec-18,162.8,166.21,162,165.71,165.71,"1,375,400"
VRTX,28-Dec-18,163.52,164.84,160.38,161.42,161.42,"966,700"
VRTX,27-Dec-18,158.95,162.58,156.27,162.37,162.37,"1,485,000"
VRTX,26-Dec-18,152.98,161.87,152.4,161.84,161.84,"1,638,400"
VRTX,24-Dec-18,155.4,158.47,151.8,151.91,151.91,"1,158,200"
VRTX,21-Dec-18,161.94,165.07,156.3,156.5,156.5,"2,677,600"
VRTX,20-Dec-18,158.52,163.48,157.7,161.3,161.3,"2,213,300"
